review_id,product_name,review_date,rating,review_text
multilingual-demo-01,평가 스피커,2026-09-01,5,목소리가 또렷하게 들리고 연결도 안정적이라 매우 만족합니다.
multilingual-demo-02,평가 스피커,2026-09-01,5,정말 멋지네요. 음악 한 곡도 못 끝내고 꺼지는 스피커라니요. 바로 반품했습니다.
multilingual-demo-03,평가 스피커,2026-09-01,3,"상자에는 스피커와 USB 케이블, 설명서가 들어 있습니다."
multilingual-demo-04,Evaluation Speaker,2026-09-01,4,"I wasn't expecting much, but the sound is surprisingly clear. I couldn't be happier with this purchase."
multilingual-demo-05,Evaluation Speaker,2026-09-01,5,"Fantastic, another speaker that dies before the first song ends. Just what I needed. I'm returning it."
multilingual-demo-06,Evaluation Speaker,2026-09-01,3,"The box contains one speaker, a USB cable, and a printed manual."
multilingual-demo-07,평가 Speaker,2026-09-01,5,배송도 빠르고 sound quality가 정말 좋아요. I love it and would buy again!
multilingual-demo-08,평가 Speaker,2026-09-01,5,"Wow, 정말 최고네요. 딱 5분 만에 battery died라니. 바로 환불 신청했어요."
multilingual-demo-09,평가 Speaker,2026-09-01,3,"구성품은 speaker 1개, USB cable 1개와 설명서입니다."
